id:,name,englishName,isPlanet,semimajorAxis,perihelion,aphelion,eccentricity,inclination,massValue,massExponent,volValue,volExponent,density,gravity,escape,meanRadius,equaRadius,polarRadius,flattening,dimension,sideralOrbit,sideralRotation,aroundPlanet,discoveredBy,discoveryDate,alternativeName,axialTilt,avgTemp,mainAnomaly,argPeriapsis,longAscNode
lune,La Lune,Moon,FALSE,384400,363300,405500,0.0549,5.145,7.346,22,2.1968,10,3.344,1.62,2380,33,1738.1,1736,0.0012,,27.3217,655.728,terre,,,,6.68,0,0,0,0
phobos,Phobos,Phobos,FALSE,9376,9234,9518,0.0151,1.075,1.06,16,5.78361,3,1.9,0.0057,11.39,33,13,9.1,0,26.8 Ã— 22.4 Ã— 18.4,0.31891,0.7653,mars,Asaph Hall,12/08/1877,,0,0,0,0,0
deimos,DeÃ¯mos,Deimos,FALSE,23458,23456,23471,0.0002,1.075,2.4,15,9.9978,3,1.75,0.003,5.556,33,7.8,5.1,0,15.0 Ã— 12 Ã— 10.4,1.26244,30.29856,mars,Asaph Hall,12/08/1877,,0,0,0,0,0
io,Io,Io,FALSE,421800,0,0,0.004,0.036,8.932,22,0,1,3.53,1.79,0,1821.5,0,0,0,,1.76914,42.4593,jupiter,Galileo Galilei,07/01/1610,,0,0,0,0,0
europe,Europe,Europa,FALSE,671100,0,0,0.009,0.466,4.8,22,0,1,3.01,1.31,0,1560.8,0,0,0,,3.55118,85.2293,jupiter,Galileo Galilei,08/01/1610,,0,0,0,0,0
ganymede,GanymÃ¨de,Ganymede,FALSE,1070400,0,0,0.001,0.177,1.4819,23,0,1,1.94,1.428,0,2631.2,0,0,0,,7.15455,171.7093,jupiter,Galileo Galilei,11/01/1610,,0,0,0,0,0
callisto,Callisto,Callisto,FALSE,1882700,0,0,0.007,0.192,1.0759,23,0,1,1.83,1.235,0,2410.3,0,0,0,,16.68902,400.536,jupiter,Galileo Galilei,07/01/1610,,0,0,0,0,0
amalthee,AmalthÃ©e,Amalthea,FALSE,181400,181150,182840,0.003,0.38,7.5,18,0,1,3.1,0.02,0,84,0,0,0,125 x 73 x 64,0.49818,11.9563,jupiter,E. Barnard,09/09/1892,,0,0,0,0,0
himalia,Himalia,Himalia,FALSE,11461000,9782900,13082000,0.162,27.5,9.5,18,0,1,1,0.062,0,85,0,0,0,,250.5662,7.7808,jupiter,C. Perrine,03/12/1904,,0,0,0,0,0
elara,Ã‰lara,Elara,FALSE,11741000,0,0,0.217,26.63,8,17,0,1,1,0.031,0,40,0,0,0,,259.6528,0,jupiter,C. Perrine,02/01/1905,,0,0,0,0,0
pasiphae,PasiphaÃ©,Pasiphae,FALSE,23624000,0,0,0.409,151.4,3,17,0,1,1,0.022,0,18,0,0,0,,743.6,0,jupiter,P. Melotte,27/01/1908,,0,0,0,0,0
sinope,SinopÃ©,Sinope,FALSE,23939000,0,0,0.25,158.1,8,16,0,1,1,0.014,0,14,0,0,0,,758.9,0,jupiter,Seth Barnes Nicholson,21/07/1914,,0,0,0,0,0
lysithea,LysithÃ©a,Lysithea,FALSE,11717000,0,0,0.112,28.3,8,16,0,1,1,0.013,0,12,0,0,0,,259.22,0,jupiter,Seth Barnes Nicholson,06/07/1938,,0,0,0,0,0
carme,CarmÃ©,Carme,FALSE,23404000,0,0,0.253,164.9,1,17,0,1,1,0.017,0,15,0,0,0,,734.2,0,jupiter,Seth Barnes Nicholson,30/07/1938,,0,0,0,0,0
ananke,AnankÃ©,Ananke,FALSE,21276000,0,0,0.244,148.9,4,16,0,1,1,0.01,0,10,0,0,0,,629.8,0,jupiter,Seth Barnes Nicholson,28/09/1951,,0,0,0,0,0
leda,LÃ©da,Leda,FALSE,11165000,0,0,0.164,27.46,6,17,0,1,1,0.0073,0,5,0,0,0,,240.92,0,jupiter,Charles Kowa,11/09/1974,,0,0,0,0,0
thebe,ThÃ©bÃ©,Thebe,FALSE,221900,218000,226000,0.018,1.08,8,17,0,1,1,0.02,0,49,0,0,0,58 x 49 x 42,0.6745,16.188,jupiter,Stephen P. Synnott,05/03/1979,S/1979 J 2,0,0,0,0,0
adrastee,AdrastÃ©e,Adrastea,FALSE,129000,0,0,0.002,0.054,2,15,0,1,1,0.002,0,8,0,0,0,10 x 8 x 7,0.29826,0.7158,jupiter,David C. Jewitt,08/07/1979,S/1979 J 1,0,0,0,0,0
metis,MÃ©tis,Metis,FALSE,128000,127974,128026,0.001,0.019,1,17,0,1,1,0.005,0,22,0,0,0,30 x 20 x 17,0.29478,0.7075,jupiter,Stephen P. Synnott,04/03/1979,S/1979 J 3,0,0,0,0,0
callirrhoe,CallirrhoÃ©,Callirrhoe,FALSE,24102000,0,0,0.283,147.1,8.7,14,0,1,1,0.0031,0,4,0,0,0,,758.8,0,jupiter,J.V. Scott,06/10/1999,S/1999 J 1,0,0,0,0,0
themisto,ThÃ©misto,Themisto,FALSE,7507000,5909000,8874300,0.242,43.08,6.9,14,0,1,1,0.0029,0,4,0,0,0,,130.02,0,jupiter,Charles Kowal 1975 - Scott S. Sheppard,30/09/1975,S/1975 J 1,0,0,0,0,0
megaclite,MÃ©gaclitÃ©,Megaclite,FALSE,14146700,0,0,0.421,152.8,2.1,14,0,1,1,0,0,2.7,0,0,0,,752.8,0,jupiter,Scott S. Sheppard,23/11/2000,S/2000 J 8,0,0,0,0,0
taygete,TaygÃ©tÃ©,Taygete,FALSE,23363000,0,0,0.252,165.2,1.6,14,0,1,1,0,0,2.5,0,0,0,,732.2,0,jupiter,Scott S. Sheppard,23/11/2000,S/2000 J 9,0,0,0,0,0
chaldene,ChaldÃ©nÃ©,Chaldene,FALSE,23179000,0,0,0.251,165.2,7.5,13,0,1,1,0,0,1.9,0,0,0,,723.8,0,jupiter,Scott S. Sheppard,23/11/2000,S/2000 J 10,0,0,0,0,0
harpalyke,HarpalykÃ©,Harpalyke,FALSE,21104000,0,0,0.226,148.6,1.2,14,0,1,1,0,0,2.2,0,0,0,,623.3,0,jupiter,Scott S. Sheppard,23/11/2000,S/2000 J 5,0,0,0,0,0
kalyke,KalykÃ©,Kalyke,FALSE,23564000,0,0,0.245,165.2,1.9,14,0,1,1,0,0,2.6,0,0,0,,743,0,jupiter,Scott S. Sheppard,23/11/2000,S/2000 J 2,0,0,0,0,0
iocaste,IocastÃ©,Iocaste,FALSE,21272000,0,0,0.216,149.4,1.9,14,0,1,1,0,0,2.6,0,0,0,,631.5,0,jupiter,Scott S. Sheppard,23/11/2000,S/2000 J 3,0,0,0,0,0
erinome,ErinomÃ©,Erinome,FALSE,23283000,0,0,0.266,164.9,4.5,13,0,1,1,0,0,1.6,0,0,0,,728.3,0,jupiter,Scott S. Sheppard,23/11/2000,S/2000 J 4,0,0,0,0,0
isonoe,IsonoÃ©,Isonoe,FALSE,23231000,0,0,0.246,165.2,7.5,13,0,1,1,0,0,1.9,0,0,0,,725.5,0,jupiter,Scott S. Sheppard,23/11/2000,S/2000 J 6,0,0,0,0,0
praxidike,PraxidykÃ©,Praxidike,FALSE,21148000,0,0,0.23,149,4.3,14,0,1,1,0,0,3.4,0,0,0,,625.3,0,jupiter,Scott S. Sheppard,23/11/2000,S/2000 J 7,0,0,0,0,0
autonoe,AutonoÃ©,Autonoe,FALSE,24033000,0,0,0.334,152.9,9,13,0,1,1,0.0015,0,2,0,0,0,,715.4,0,jupiter,Scott S. Sheppard,10/12/2001,S/2001 J 1,0,0,0,0,0
thyone,ThyonÃ©,Thyone,FALSE,21192000,0,0,0.229,148.5,9,13,0,1,1,0.0015,0,2,0,0,0,,627.3,0,jupiter,Scott S. Sheppard,11/12/2001,S/2001 J 2,0,0,0,0,0
hermippe,HermippÃ©,Hermippe,FALSE,21300000,0,0,0.21,150.7,9,13,0,1,1,0.0015,0,2,0,0,0,,633.9,0,jupiter,Scott S. Sheppard,19/12/2001,S/2001 J 3,0,0,0,0,0
aitne,AitnÃ©,Aitne,FALSE,23315000,0,0,0.264,165.1,4.5,13,0,1,1,0.0012,0,1.5,0,0,0,,730.2,0,jupiter,Scott S. Sheppard,19/12/2001,S/2001 J 11,0,0,0,0,0
eurydome,EurydomÃ©,Eurydome,FALSE,23148000,0,0,0.276,150.3,4.5,13,0,1,1,0.0012,0,1.5,0,0,0,,723.9,0,jupiter,Scott S. Sheppard,19/12/2001,S/2001 J 4,0,0,0,0,0
euanthe,EuanthÃ©,Euanthe,FALSE,21038000,0,0,0.232,148.9,4.5,13,0,1,1,0.0012,0,1.5,0,0,0,,620.6,0,jupiter,Scott S. Sheppard,11/12/2001,S/2001 J 7,0,0,0,0,0
euporie,Euporie,Euporie,FALSE,19339000,0,0,0.144,145.8,1.5,13,0,1,1,0,0,1,0,0,0,,553.1,0,jupiter,Scott S. Sheppard,11/12/2001,S/2001 J 10,0,0,0,0,0
orthosie,Orthosie,Orthosie,FALSE,21164000,0,0,0.281,145.9,1.5,13,0,1,1,0.00081,0,1,0,0,0,,622.6,0,jupiter,Scott S. Sheppard,11/12/2001,S/2001 J 9,0,0,0,0,0
sponde,SpondÃ©,Sponde,FALSE,23790000,0,0,0.312,151,1.5,13,0,1,1,0.00081,0,1,0,0,0,,748.3,0,jupiter,Scott S. Sheppard,19/12/2001,S/2001 J 5,0,0,0,0,0
cale,CalÃ©,Kale,FALSE,23302000,0,0,0.26,165,1.5,13,0,1,1,0.00081,0,1,0,0,0,,729.5,0,jupiter,Scott S. Sheppard,19/12/2001,S/2001 J 8,0,0,0,0,0
pasithee,PasithÃ©e,Pasithee,FALSE,23090000,0,0,0.267,165.1,1.5,13,0,1,1,0.00081,0,1,0,0,0,,716.3,0,jupiter,Scott S. Sheppard,11/12/2001,S/2001 J 6,0,0,0,0,0
hegemone,HÃ©gÃ©mone,Hegemone,FALSE,23566000,0,0,0.328,155.2,4.5,13,0,1,1,0,0,2,0,0,0,,739.6,0,jupiter,Scott S. Sheppard,2003,S/2003 J 8,0,0,0,0,0
mneme,MnÃ©mÃ©,Mneme,FALSE,21036000,0,0,0.227,148.6,1.5,13,0,1,1,0,0,2,0,0,0,,620,0,jupiter,Scott S. Sheppard,2003,S/2003 J 21,0,0,0,0,0
aoede,AoedÃ©,Aoede,FALSE,23969000,0,0,0.432,158.3,9,13,0,1,1,0,0,2,0,0,0,,761.5,0,jupiter,Scott S. Sheppard,2003,S/2003 J 7,0,0,0,0,0
thelxinoe,ThelxinoÃ©,Thelxinoe,FALSE,21165000,0,0,0.221,151.4,1.5,13,0,1,1,0,0,2,0,0,0,,628.1,0,jupiter,Scott S. Sheppard,2003,S/2003 J 22,0,0,0,0,0
arche,ArchÃ©,Arche,FALSE,23355000,0,0,0.259,165,4.15,13,0,1,1,0.0012,0,1.5,0,0,0,,762.7,0,jupiter,Scott S. Sheppard,31/10/2002,S/2002 J 1,0,0,0,0,0
callichore,Callichore,Kallichore,FALSE,23273000,0,0,0.264,165.5,1.5,13,0,1,1,0,0,2,0,0,0,,764.7,0,jupiter,Scott S. Sheppard,2003,S/2003 J 11,0,0,0,0,0
helice,HÃ©licÃ©,Helike,FALSE,21064000,0,0,0.156,154.8,9,13,0,1,1,0,0,4,0,0,0,,634.8,0,jupiter,Scott S. Sheppard,2003,S/2003 J 6,0,0,0,0,0
carpo,Carpo,Carpo,FALSE,17078000,0,0,0.43,51.4,4.5,13,0,1,1,0,0,3,0,0,0,,456.1,0,jupiter,Scott S. Sheppard,2003,S/2003 J 20,0,0,0,0,0
eukelade,EukÃ©ladÃ©,Eukelade,FALSE,23322000,0,0,0.272,165.5,9,13,0,1,1,0,0,4,0,0,0,,746.4,0,jupiter,Scott S. Sheppard,2003,S/2003 J 1,0,0,0,0,0
cyllene,CyllÃ¨ne,Cyllene,FALSE,23787000,0,0,0.319,149.3,1.5,13,0,1,1,0,0,1,0,0,0,,737.8,0,jupiter,Scott S. Sheppard,2003,S/2003 J 13,0,0,0,0,0
core,CorÃ©,Kore,FALSE,24486000,0,0,0.325,145,1.5,13,0,1,1,0,0,1,0,0,0,,779.2,0,jupiter,Scott S. Sheppard,2003,S/2003 J 14,0,0,0,0,0
herse,HersÃ©,Herse,FALSE,23405000,0,0,0.2,164.2,1.5,13,0,1,1,0,0,2,0,0,0,,717.3,0,jupiter,Scott S. Sheppard,2003,S/2003 J 17,0,0,0,0,0
s2003j2,S/2003 J 2,S/2003 J 2,FALSE,28332000,0,0,0.38,151.8,1.5,13,0,1,1,0,0,1,0,0,0,,982.5,0,jupiter,Scott S. Sheppard,2003,S/2003 J 2,0,0,0,0,0
eupheme,EuphÃ©mÃ©,Eupheme,FALSE,20230000,0,0,0.253,148,1.5,13,0,1,1,0,0,1,0,0,0,,504,0,jupiter,Scott S. Sheppard,2003,S/2003 J 3,0,0,0,0,0
s2003j4,S/2003 J 4,S/2003 J 4,FALSE,23928000,0,0,0.204,144.9,1.5,13,0,1,1,0,0,1,0,0,0,,723.2,0,jupiter,Scott S. Sheppard,2003,S/2003 J 4,0,0,0,0,0
eirene,EirÃ©nÃ©,Eirene,FALSE,23493000,0,0,0.22,163.1,9,13,0,1,1,0,0,2,0,0,0,,759.7,0,jupiter,Scott S. Sheppard,2003,S/2003 J 5,0,0,0,0,0
s2003j9,S/2003 J 9,S/2003 J 9,FALSE,23385000,0,0,0.269,164.5,1.5,12,0,1,1,0,0,0.5,0,0,0,,683,0,jupiter,Scott S. Sheppard,2003,S/2003 J 9,0,0,0,0,0
s2003j10,S/2003 J 10,S/2003 J 10,FALSE,23042000,0,0,0.214,164.1,1.5,13,0,1,1,0,0,1,0,0,0,,767,0,jupiter,Scott S. Sheppard,2003,S/2003 J 10,0,0,0,0,0
s2003j12,S/2003 J 12,S/2003 J 12,FALSE,17835000,0,0,0.376,145.8,1,12,0,1,1,0,0,0.5,0,0,0,,533.3,0,jupiter,Scott S. Sheppard,2003,S/2003 J 12,0,0,0,0,0
philophrosyne,Philophrosyne,Philophrosyne,FALSE,22622000,0,0,0.194,143.6,1.5,13,0,1,1,0,0,1,0,0,0,,668.4,0,jupiter,Scott S. Sheppard,2003,S/2003 J 15,0,0,0,0,0
s2003j16,S/2003 J 16,S/2003 J 16,FALSE,20948000,0,0,0.23,148.5,1.5,13,0,1,1,0,0,1,0,0,0,,595.4,0,jupiter,Scott S. Sheppard,2003,S/2003 J 16,0,0,0,0,0
s2003j18,S/2003 J 18,S/2003 J 18,FALSE,20494000,0,0,0.105,146.4,1.5,13,0,1,1,0,0,1,0,0,0,,606.3,0,jupiter,Scott S. Sheppard,2003,S/2003 J 18,0,0,0,0,0
s2003j19,S/2003 J 19,S/2003 J 19,FALSE,23532000,0,0,0.334,162.9,1.5,13,0,1,1,0,0,1,0,0,0,,701.3,0,jupiter,Scott S. Sheppard,2003,S/2003 J 19,0,0,0,0,0
s2003j23,S/2003 J 23,S/2003 J 23,FALSE,23549000,0,0,0.309,149.2,1.5,13,0,1,1,0.00081,0,1,0,0,0,,759.7,0,jupiter,Scott S. Sheppard,2003,S/2003 J 23,0,0,0,0,0
mimas,Mimas,Mimas,FALSE,185539,181770,189270,0.0202,1.53,3.79,19,0,1,1.15,0,0,396.4,0,0,0,415Ã—394Ã—381,0.94,22.56,saturne,William Herschel,17/09/1789,,0,0,0,0,0
encelade,Encelade,Enceladus,FALSE,238037,236830,239066,0.0045,0,1.08,20,0,1,1.61,0,0,504.2,0,0,0,,1.37,32.88,saturne,William Herschel,28/08/1789,,0,0,0,0,0
tethys,TÃ©thys,Tethys,FALSE,294672,294589,294648,0,1.86,6.18,20,0,1,0.985,0,0,1066,0,0,0,,1.89,45.312,saturne,Jean-Dominique Cassini,21/03/1684,,0,0,0,0,0
dione,DionÃ©,Dione,FALSE,377415,376580,378260,0.0022,0.02,1.095,21,0,1,1.48,0,0,1123.4,0,0,0,,2.74,0,saturne,Jean-Dominique Cassini,21/03/1684,,0,0,0,0,0
rhea,RhÃ©a,Rhea,FALSE,527068,526543,527597,0.001,0.35,2.3,21,0,1,1.24,0,0,1528.6,0,0,0,,4.518,108.432,saturne,Jean-Dominique Cassini,23/12/1672,,0,0,0,0,0
titan,Titan,Titan,FALSE,1221865,1186680,1257060,0.0292,0.33,1.3452,23,0,1,1.88,0,0,2575,0,0,0,,15.95,382.8,saturne,Christian Huygens,25/03/1655,,0,0,0,0,0
hyperion,HypÃ©rion,Hyperion,FALSE,1500934,1466112,1535756,0.1042,0.43,5.6,18,0,1,0.55,0,0,266,0,0,0,328Ã—260Ã—214,21.28,0,saturne,William Cranch Bond,16/09/1848,,0,0,0,0,0
japet,Japet,Iapetus,FALSE,3560851,3460068,3661612,0.0283,14.72,1.805,21,0,1,1.09,0,0,1471.2,0,0,0,,79.33,1735.92,saturne,Jean-Dominique Cassini,25/10/1671,,0,0,0,0,0
phoebe,PhÅ“bÃ©,Phoebe,FALSE,12947913,0,0,0.164,174.8,8.292,18,0,1,1.64,0,0,214.4,0,0,0,230Ã—220Ã—210,548.2,9.2736,saturne,William Henry Pickering,17/03/1899,,0,0,0,0,0
janus,Janus,Janus,FALSE,151460,0,0,0.007,0.14,1.9,18,0,1,0.63,0,0,33,0,0,0,195Ã—194Ã—152,0.7,0,saturne,Audouin Dollfus,15/12/1966,S/1980 S 1,0,0,0,0,0
epimethee,EpimÃ©thÃ©e,Epimetheus,FALSE,151410,0,0,0.009,0.34,5.3,17,0,1,0.64,0,0,113.4,0,0,0,116Ã—117Ã—106,0.69,0,saturne,Richard L. Walker,18/12/1966,S/1980 S 3,0,0,0,0,0
helene,HÃ©lÃ¨ne,Helene,FALSE,377420,0,0,0.005,0,2.4,16,0,1,1.3,0,0,33,0,0,0,39Ã—37Ã—25,2.74,0,saturne,Pierre Laques,01/03/1980,S/1980 S 6,0,0,0,0,0
telesto,TÃ©lesto,Telesto,FALSE,294710,0,0,0.001,1.158,1,16,0,1,1,0,0,33,0,0,0,30Ã—23Ã—14,1.89,0,saturne,Bradford A. Smith,08/04/1980,S/1980 S 13,0,0,0,0,0
calypso,Calypso,Calypso,FALSE,294710,0,0,0.001,1.473,6.5,15,0,1,1,0,0,33,0,0,0,31Ã—24Ã—21,1.89,0,saturne,Dan Pascu,13/03/1980,S/1980 S 25,0,0,0,0,0
atlas,Atlas,Atlas,FALSE,137670,0,0,0,0.3,7,15,0,1,0.5,0,0,33,0,0,0,42Ã—36Ã—18,0.602,0,saturne,Richard J. Terrile,12/11/1980,S/1980 S 28,0,0,0,0,0
promethee,PromÃ©thÃ©e,Prometheus,FALSE,139380,0,0,0.00204,0,1.6,17,0,1,0.48,0,0,33,0,0,0,133Ã—79Ã—61,0.613,0,saturne,Stewart A. Collins,??/10/1980,S/1980 S 27,0,0,0,0,0
pandore,Pandore,Pandora,FALSE,141720,0,0,0.0042,0,1.4,17,0,1,0.49,0,0,33,0,0,0,103Ã—80Ã—64,0.629,0,saturne,Stewart A. Collins,??/10/1980,S/1980 S 26,0,0,0,0,0
pan,Pan,Pan,FALSE,133580,0,0,0,0,4.95,15,0,1,0.42,0,0,33,0,0,0,35Ã—32Ã—21,0.575,0,saturne,Mark R. Showalter,22/08/1981,S/1981 S 13,0,0,0,0,0
ymir,Ymir,Ymir,FALSE,23140400,0,0,0.187,167.9,3.97,15,0,1,1,0,0,9,0,0,0,,1315.4,0,saturne,Brett J. Gladman,07/08/2000,S/2000 S 1,0,0,0,0,0
paaliaq,Paaliaq,Paaliaq,FALSE,15024000,6908035,23139965,0.364,47.2,7.25,15,0,1,1,0,0,10,0,0,0,,686.9,0,saturne,John J. Kavelaars,07/08/2000,S/2000 S 2,0,0,0,0,0
tarvos,Tarvos,Tarvos,FALSE,18263200,0,0,0.531,33.8,2.3,15,0,1,1,0,0,7,0,0,0,,926.2,0,saturne,John J. Kavelaars,23/09/2000,S/2000 S 4,0,0,0,0,0
ijiraq,Ijiraq,Ijiraq,FALSE,11367400,0,0,0.316,49.1,1.18,15,0,1,1,0,0,5,0,0,0,,451.4,0,saturne,John J. Kavelaars,23/09/2000,S/2000 S 6,0,0,0,0,0
suttungr,Suttungr,Suttungr,FALSE,19476700,0,0,0.114,175.8,2.3,14,0,1,1,0,0,3,0,0,0,,1016.7,0,saturne,John J. Kavelaars,23/09/2000,S/2000 S 12,0,0,0,0,0
kiviuq,Kiviuq,Kiviuq,FALSE,11311100,0,0,0.334,48.7,2.79,15,0,1,1,0,0,7,0,0,0,,449.2,0,saturne,Brett J. Gladman,07/08/2000,S/2000 S 5,0,0,0,0,0
mundilfari,Mundilfari,Mundilfari,FALSE,18667900,0,0,0.21,169.4,2.3,14,0,1,1,0,0,3,0,0,0,,952.6,0,saturne,John J. Kavelaars,23/09/2000,S/2000 S 9,0,0,0,0,0
albiorix,Albiorix,Albiorix,FALSE,16401100,0,0,0.469,34,2.23,16,0,1,1,0,0,13,0,0,0,,783.5,13.32,saturne,John J. Kavelaars,09/11/2000,S/2000 S 11,0,0,0,0,0
skathi,Skathi,Skathi,FALSE,15614300,0,0,0.27,148.5,3.5,14,0,1,1,0,0,3,0,0,0,,728.2,0,saturne,John J. Kavelaars,23/09/2000,S/2000 S 8,0,0,0,0,0
erriapo,Erriapo,Erriapus,FALSE,17611400,0,0,0.474,34.6,6.8,14,0,1,1,0,0,4,0,0,0,,871.2,0,saturne,John J. Kavelaars,23/09/2000,S/2000 S 10,0,0,0,0,0
siarnaq,Siarnaq,Siarnaq,FALSE,18015400,0,0,0.295,45.6,4.35,16,0,1,1,0,0,16,0,0,0,,895.6,0,saturne,John J. Kavelaars,23/09/2000,S/2000 S 3,0,0,0,0,0
thrymr,Thrymr,Thrymr,FALSE,20439600,0,0,0.47,175,2.3,14,0,1,1,0,0,3,0,0,0,,1094.3,0,saturne,John J. Kavelaars,23/09/2000,S/2000 S 7,0,0,0,0,0
narvi,Narvi,Narvi,FALSE,19417300,0,0,0.431,145.8,2.3,14,0,1,1,0,0,3,0,0,0,,1003.9,0,saturne,Scott S. Sheppard,05/02/2003,S/2003 S 1,0,0,0,0,0
methone,MÃ©thone,Methone,FALSE,194440,194421,194459,0,0,2,13,0,1,1,0,0,1.6,0,0,0,,1.01,0,saturne,Carolyn C. Porco,01/06/2004,S/2004 S 1,0,0,0,0,0
pallene,PallÃ¨ne,Pallene,FALSE,212280,0,0,0,0,6,13,0,1,1,0,0,33,0,0,0,5Ã—4Ã—4,1.14,0,saturne,Carolyn C. Porco,01/06/2004,S/2004 S 2,0,0,0,0,0
pollux,Pollux,Polydeuces,FALSE,377200,0,0,0,0,1,13,0,1,1,0,0,2,0,0,0,3Ã—2Ã—2,2.74,0,saturne,Carolyn C. Porco,21/10/2004,S/2004 S 5,0,0,0,0,0
daphnis,Daphnis,Daphnis,FALSE,136500,0,0,0,0,1,14,0,1,0.34,0,0,33,0,0,0,9Ã—8Ã—6,0.594,0,saturne,Carolyn C. Porco,01/05/2009,S/2005 S 1,0,0,0,0,0
aegir,Aegir,Aegir,FALSE,20749800,0,0,0.252,166.7,1.5,14,0,1,1,0,0,3,0,0,0,,1116.5,0,saturne,Scott S. Sheppard,12/12/2004,S/2004 S 10,0,0,0,0,0
bebhionn,Bebhionn,Bebhionn,FALSE,17117800,0,0,0.469,35,1.5,14,0,1,1,0,0,3,0,0,0,,834.8,0,saturne,Scott S. Sheppard,12/12/2004,S/2004 S 11,0,0,0,0,0
bergelmir,Bergelmir,Bergelmir,FALSE,19338300,0,0,0.142,158.5,1.5,14,0,1,1,0,0,3,0,0,0,,1005.9,0,saturne,Scott S. Sheppard,12/12/2004,S/2004 S 15,0,0,0,0,0
bestla,Bestla,Bestla,FALSE,20278000,0,0,0.521,145.2,2.3,14,0,1,1,0,0,3,0,0,0,,1083.6,0,saturne,Scott S. Sheppard,13/12/2004,S/2004 S 18,0,0,0,0,0
farbauti,Farbauti,Farbauti,FALSE,20387000,0,0,0.206,156.4,9,13,0,1,1,0,0,3,0,0,0,,1086.1,0,saturne,Scott S. Sheppard,12/12/2004,S/2004 S 9,0,0,0,0,0
fenrir,Fenrir,Fenrir,FALSE,22454800,0,0,0.136,164.9,5,13,0,1,1,0,0,2,0,0,0,,1260.3,0,saturne,Scott S. Sheppard,13/12/2004,S/2004 S 16,0,0,0,0,0
fornjot,Fornjot,Fornjot,FALSE,25151200,0,0,0.206,170.4,1.5,14,0,1,1,0,0,3,0,0,0,,1490.9,0,saturne,Scott S. Sheppard,12/12/2004,S/2004 S 8,0,0,0,0,0
hati,Hati,Hati,FALSE,19775000,0,0,0.372,165.8,1.5,14,0,1,1,0,0,3,0,0,0,,1038.7,0,saturne,Scott S. Sheppard,12/12/2004,S/2004 S 14,0,0,0,0,0
hyrrokkin,Hyrrokkin,Hyrrokkin,FALSE,18437300,0,0,0.333,151.4,3.5,14,0,1,1,0,0,4,0,0,0,,931.8,0,saturne,Scott S. Sheppard,12/12/2004,S/2004 S 19,0,0,0,0,0
kari,Kari,Kari,FALSE,22077100,0,0,0.478,156.3,2.3,14,0,1,1,0,0,3,0,0,0,,1233.6,0,saturne,Scott S. Sheppard,12/12/2004,S/2006 S 2,0,0,0,0,0
loge,Loge,Loge,FALSE,23065500,0,0,0.335,173.1,1.5,14,0,1,1,0,0,3,0,0,0,,1312,0,saturne,Scott S. Sheppard,13/12/2004,S/2006 S 5,0,0,0,0,0
skoll,Skoll,Skoll,FALSE,17663300,0,0,0.464,161.2,1.5,14,0,1,1,0,0,3,0,0,0,,878.3,0,saturne,Scott S. Sheppard,12/12/2004,S/2006 S 8,0,0,0,0,0
surtur,Surtur,Surtur,FALSE,22920400,0,0,0.451,177.5,1.5,14,0,1,1,0,0,3,0,0,0,,1297.7,0,saturne,Scott S. Sheppard,12/12/2004,S/2006 S 7,0,0,0,0,0
anthe,AnthÃ©,Anthe,FALSE,197700,0,0,0.001,0.1,5,12,0,1,1,0,0,1,0,0,0,,1.04,0,saturne,Carolyn C. Porco,30/05/2007,S/2007 S 4,0,0,0,0,0
jarnsaxa,Jarnsaxa,Jarnsaxa,FALSE,19356400,0,0,0.216,163.3,1,14,0,1,1,0,0,3,0,0,0,,964.7,0,saturne,Scott S. Sheppard,05/01/2006,S/2006 S 6,0,0,0,0,0
greip,Greip,Greip,FALSE,18442200,0,0,0.326,179.8,1.5,14,0,1,1,0,0,3,0,0,0,,921.2,0,saturne,Scott S. Sheppard,05/01/2006,S/2006 S 4,0,0,0,0,0
tarqeq,Tarqeq,Tarqeq,FALSE,17909900,0,0,0.16,46.1,2.3,14,0,1,1,0,0,3,0,0,0,,887.5,0,saturne,Scott S. Sheppard,05/01/2006,S/2007 S 1,0,0,0,0,0
egeon,Ã‰gÃ©on,Aegaeon,FALSE,167500,0,0,0.0002,0.001,1,11,0,1,1,0,0,0.5,0,0,0,,0.808,19.63,saturne,Carolyn C. Porco,15/08/2008,S/2008 S 1,0,0,0,0,0
s2004s7,S/2004 S 7,S/2004 S 7,FALSE,21005800,0,0,0.58,165.1,1.5,14,0,1,1,0,0,3,0,0,0,,1103,0,saturne,Scott S. Sheppard,12/12/2004,S/2004 S 7,0,0,0,0,0
s2004s12,S/2004 S 12,S/2004 S 12,FALSE,19867500,0,0,0.401,164,9,13,0,1,1,0,0,3,0,0,0,,1048,0,saturne,Scott S. Sheppard,12/12/2004,S/2004 S 12,0,0,0,0,0
s2004s13,S/2004 S 13,S/2004 S 13,FALSE,18408700,0,0,0.273,167.4,1.5,14,0,1,1,0,0,3,0,0,0,,906,0,saturne,Scott S. Sheppard,12/12/2004,S/2004 S 13,0,0,0,0,0
s2004s17,S/2004 S 17,S/2004 S 17,FALSE,19449900,0,0,0.259,166.6,5,13,0,1,1,0,0,2,0,0,0,,986,0,saturne,Scott S. Sheppard,13/12/2004,S/2004 S 17,0,0,0,0,0
s2006s1,S/2006 S 1,S/2006 S 1,FALSE,18797400,0,0,0.13,154.2,1,14,0,1,1,0,0,3,0,0,0,,970,0,saturne,Scott S. Sheppard,04/01/2006,S/2006 S 1,0,0,0,0,0
s2006s3,S/2006 S 3,S/2006 S 3,FALSE,22100100,0,0,0.471,150.8,1.5,14,0,1,1,0,0,3,0,0,0,,1142,0,saturne,Scott S. Sheppard,05/01/2006,S/2006 S 3,0,0,0,0,0
s2007s2,S/2007 S 2,S/2007 S 2,FALSE,16723300,0,0,0.218,176.7,1.5,14,0,1,1,0,0,3,0,0,0,,800,0,saturne,Scott S. Sheppard,01/05/2007,S/2007 S 2,0,0,0,0,0
s2007s3,S/2007 S 3,S/2007 S 3,FALSE,18981900,0,0,0.13,177.2,1.5,14,0,1,1,0,0,3,0,0,0,,1100,0,saturne,Scott S. Sheppard,01/05/2007,S/2007 S 3,0,0,0,0,0
s2009s1,S/2009 S 1,S/2009 S 1,FALSE,117000,0,0,0,0,1,11,0,1,1,0,0,0.3,0,0,0,,0.4715,0,saturne,Carolyn C. Porco,26/07/2009,S/2009 S 1,0,0,0,0,0
ariel,Ariel,Ariel,FALSE,190900,190670,191130,0.0012,0.04,12.9,20,0,1,1.59,0,0,581.1,0,0,0,,2.52038,60.4891,uranus,William Lassell,24/10/1851,,0,0,0,0,0
umbriel,Umbriel,Umbriel,FALSE,266000,265100,267500,0.0039,0.13,12.2,20,0,1,1.46,0,0,584.7,0,0,0,,4.14418,99.499,uranus,William Lassell,24/10/1851,,0,0,0,0,0
titania,Titania,Titania,FALSE,436300,435800,436800,0.0011,0.08,34.2,20,0,1,1.66,0,0,788.9,0,0,0,,8.70587,208.9408,uranus,William Herschel,11/01/1787,,0,0,0,0,0
oberon,ObÃ©ron,Oberon,FALSE,583500,582702,584336,0.0014,0.07,28.8,20,0,1,1.56,0,0,761.4,0,0,0,,13.46323,323.1176,uranus,William Herschel,11/01/1787,,0,0,0,0,0
miranda,Miranda,Miranda,FALSE,129900,129703,130041,0.0013,4.34,6.6,19,0,1,1.2,0,0,240,0,0,0,,1.41348,33.9235,uranus,Gerard Kuiper,16/02/1948,,0,0,0,0,0
cordelia,CordÃ©lia,Cordelia,FALSE,49800,0,0,0.0003,0.08,4.5,16,0,1,1,0,0,20,0,0,0,,0.33503,0,uranus,Richard J. Terrile,20/01/1986,S/1986 U 7,0,0,0,0,0
ophelia,OphÃ©lie,Ophelia,FALSE,53800,0,0,0.0099,0.1,5.4,16,0,1,1,0,0,21,0,0,0,,0.3764,0,uranus,Richard J. Terrile,20/01/1986,S/1986 U 8,0,0,0,0,0
bianca,Bianca,Bianca,FALSE,59200,0,0,0.0009,0.19,9.2,16,0,1,1,0,0,27,0,0,0,,0.43458,0,uranus,Bradford A. Smith,23/01/1986,S/1986 U 9,0,0,0,0,0
cressida,Cressida,Cressida,FALSE,61800,0,0,0.0004,0.01,3.4,17,0,1,1,0,0,41,0,0,0,,0.46357,0,uranus,Stephen P. Synnott,09/01/1986,S/1986 U 3,0,0,0,0,0
desdemona,DesdÃ©mone,Desdemona,FALSE,62700,0,0,0.0001,0.11,1.8,17,0,1,1,0,0,35,0,0,0,,0.47365,0,uranus,Stephen P. Synnott,13/01/1986,S/1986 U 6,0,0,0,0,0
juliet,Juliette,Juliet,FALSE,64400,0,0,0.0007,0.07,5.6,17,0,1,1,0,0,53,0,0,0,,0.49307,0,uranus,Stephen P. Synnott,03/01/1986,S/1986 U 2,0,0,0,0,0
portia,Portia,Portia,FALSE,66100,0,0,0.0001,0.06,1.7,18,0,1,1,0,0,70,0,0,0,,0.5132,0,uranus,Stephen P. Synnott,03/01/1986,S/1986 U 1,0,0,0,0,0
rosalind,Rosalinde,Rosalind,FALSE,69900,0,0,0.0001,0.28,0.25,17,0,1,1,0,0,36,0,0,0,,0.55846,0,uranus,Stephen P. Synnott,13/01/1986,S/1986 U 4,0,0,0,0,0
belinda,Belinda,Belinda,FALSE,75300,0,0,0.0001,0.03,4.9,17,0,1,1,0,0,45,0,0,0,,0.62353,0,uranus,Stephen P. Synnott,13/01/1986,S/1986 U 5,0,0,0,0,0
puck,Puck,Puck,FALSE,86000,0,0,0.0001,0.32,2.9,18,0,1,1,0,0,81,0,0,0,,0.76183,0,uranus,Stephen P. Synnott,30/12/1985,S/1985 U 1,0,0,0,0,0
caliban,Caliban,Caliban,FALSE,7231100,0,0,0.1812,141.53,2.5,17,0,1,1,0,0,36,0,0,0,,-579.5,0,uranus,Brett J. Gladman,06/09/1997,S/1997 U 1,0,0,0,0,0
sycorax,Sycorax,Sycorax,FALSE,12179400,0,0,0.5219,159.42,2.3,18,0,1,1,0,0,75,0,0,0,,-1283.4,0,uranus,Philip D. Nicholson,06/09/1997,S/1997 U 2,0,0,0,0,0
prospero,Prospero,Prospero,FALSE,16276800,0,0,0.4445,151.83,8.5,16,0,1,1,0,0,25,0,0,0,,-1977.3,0,uranus,Matthew J. Holman,18/07/1999,S/1999 U 3,0,0,0,0,0
setebos,Setebos,Setebos,FALSE,17420400,0,0,0.5908,158.24,7.5,16,0,1,1,0,0,24,0,0,0,,-2234.8,0,uranus,John J. Kavelaars,18/07/1999,S/1999 U 1,0,0,0,0,0
stephano,Stephano,Stephano,FALSE,8007400,0,0,0.2248,143.82,2.2,16,0,1,1,0,0,16,0,0,0,,-676.5,0,uranus,Brett J. Gladman,18/07/1999,S/1999 U 2,0,0,0,0,0
trinculo,Trinculo,Trinculo,FALSE,8505200,0,0,0.2194,166.93,3.9,15,0,1,1,0,0,9,0,0,0,,-758.1,0,uranus,Matthew J. Holman,13/08/2001,S/2001 U 1,0,0,0,0,0
francisco,Francisco,Francisco,FALSE,4282900,0,0,0.1324,147.25,7.2,15,0,1,1,0,0,11,0,0,0,,-266.6,0,uranus,Matthew J. Holman,13/08/2001,S/2001 U 3,0,0,0,0,0
margaret,Margaret,Margaret,FALSE,23808000,0,0,0.6772,57.37,5.4,15,0,1,1,0,0,10,0,0,0,,1694.8,0,uranus,Scott S. Sheppard,29/08/2003,S/2003 U 3,0,0,0,0,0
ferdinand,Ferdinand,Ferdinand,FALSE,20430000,0,0,0.3993,169.79,5.4,15,0,1,1,0,0,10,0,0,0,,-2823.4,0,uranus,Matthew J. Holman,13/08/2001,S/2001 U 2,0,0,0,0,0
perdita,Perdita,Perdita,FALSE,76417,0,0,0,0.47,1.8,19,0,1,1,0,0,13,0,0,0,,0.638,0,uranus,Erich Karkoschka,18/01/1986,S/1986 U 10,0,0,0,0,0
mab,Mab,Mab,FALSE,97736,0,0,0,0.13,1,16,0,1,1,0,0,12,0,0,0,,0.923,0,uranus,Mark R. Showalter,25/08/2003,S/2003 U 1,0,0,0,0,0
cupid,Cupid,Cupid,FALSE,74392,0,0,0,0.1,3.8,15,0,1,1,0,0,9,0,0,0,,0.613,0,uranus,Mark R. Showalter,25/08/2003,S/2003 U 2,0,0,0,0,0
triton,Triton,Triton,FALSE,354759,354753,354765,0.00002,157.345,2.14,22,0,1,2.05,0.78,0,1353.4,0,0,0,,5.87685,141.0444,neptune,William Lassell,10/10/1846,,0,0,0,0,0
nereide,NÃ©reÃ¯de,Nereid,FALSE,5513818,1372000,9655000,0.7512,7.23,3,19,0,1,1,0.071,0,170,0,0,0,,360.13619,0,neptune,Gerard Kuiper,01/05/1949,,0,0,0,0,0
naiade,NaÃ¯ade,Naiad,FALSE,48227,0,0,0.0003,4.74,2,17,0,1,1,0.01,0,33,0,0,0,48 x 30 x 26,0.2944,0,neptune,Richard J. Terrile,18/09/1989,S/1989 N 6,0,0,0,0,0
thalassa,Thalassa,Thalassa,FALSE,50074,0,0,0.0002,0.21,4,17,0,1,1,0.013,0,33,0,0,0,54 x 50 x 26,0.31149,0,neptune,Richard J. Terrile,18/09/1989,S/1989 N 5,0,0,0,0,0
despina,Despina,Despina,FALSE,52526,0,0,0.0001,0.07,2,18,0,1,1,0.023,0,33,0,0,0,90 x 74 x 64,0.33466,0,neptune,Stephen P. Synnott,28/07/1989,S/1989 N 3,0,0,0,0,0
galatee,GalatÃ©e,Galatea,FALSE,61953,0,0,0.0001,0.05,2,18,0,1,1,0.03,0,33,0,0,0,102 x 92 x 72,0.42875,0,neptune,Stephen P. Synnott,28/07/1989,S/1989 N 4,0,0,0,0,0
larissa,Larissa,Larissa,FALSE,73548,0,0,0.0014,0.2,5,18,0,1,1,0.034,0,33,0,0,0,108 x 102 x 84,0.55465,0,neptune,Harold J. Reitsema,24/05/1981,S/1989 N 2,0,0,0,0,0
protee,ProtÃ©e,Proteus,FALSE,117646,0,0,0.0004,0.04,5,19,0,1,1,0.075,0,33,0,0,0,220 x 208 x 202,1.12232,0,neptune,Stephen P. Synnott,16/06/1989,S/1989 N 1,0,0,0,0,0
halimede,HalimÃ¨de,Halimede,FALSE,16611000,0,0,0.571,134.1,2,17,0,1,1,0.01,0,30,0,0,0,,1879.7,0,neptune,Matthew J. Holman,14/08/2002,S/2002 N 1,0,0,0,0,0
psamathee,PsamathÃ©e,Psamathe,FALSE,48096000,0,0,0.45,137.4,2,16,0,1,1,0,0,20,0,0,0,,9115.9,0,neptune,Scott S. Sheppard,19/08/2003,S/2003 N 1,0,0,0,0,0
sao,Sao,Sao,FALSE,22228000,0,0,0.293,48.5,1,17,0,1,1,0.01,0,20,0,0,0,,2914.1,0,neptune,Matthew J. Holman,14/08/2002,S/2002 N 2,0,0,0,0,0
laomedie,LaomÃ©die,Laomedeia,FALSE,23567000,0,0,0.424,34.7,1,17,0,1,1,0.01,0,20,0,0,0,,3167.9,0,neptune,Matthew J. Holman,13/08/2002,S/2002 N 3,0,0,0,0,0
neso,NÃ©so,Neso,FALSE,49285000,0,0,0.495,132.6,1,17,0,1,1,0,0,30,0,0,0,,9374,0,neptune,Matthew J. Holman,14/08/2002,S/2002 N 4,0,0,0,0,0
charon,Charon,Charon,FALSE,17536,0,0,0,0,2.4,16,0,1,1,0,0,33,0,0,0,39Ã—37Ã—25,2.74,0,pluton,James W. Christy,13/04/1978,S/1978 P1,0,0,0,0,0
nix,Nix,Nix,FALSE,48708,0,0,0,0,2.4,16,0,1,1,0,0,33,0,0,0,39Ã—37Ã—25,2.74,0,pluton,Hubble Space Telescope Pluto Companion Search Team,15/05/2005,S/2005 P2,0,0,0,0,0
hydra,Hydra,Hydra,FALSE,64749,0,0,0,0,2.4,16,0,1,1,0,0,33,0,0,0,39Ã—37Ã—25,2.74,0,pluton,Hubble Space Telescope Pluto Companion Search Team,15/05/2005,S/2005 P1,0,0,0,0,0
namaka,Namaka,Namaka,FALSE,39300,0,0,0,0,2.4,16,0,1,1,0,0,33,0,0,0,39Ã—37Ã—25,2.74,0,haumea,Michael E. Brown,30/06/2005,S/2005 (2003 EL61) 2,0,0,0,0,0
hiiaka,Hi'iaka,HiÊ»iaka,FALSE,49500,0,0,0,0,2.4,16,0,1,1,0,0,33,0,0,0,39Ã—37Ã—25,2.74,0,haumea,Michael E. Brown,26/01/2005,S/2005 (2003 EL61) 2,0,0,0,0,0
dysnomie,Dysnomie,Dysnomia,FALSE,30000,0,0,0,0,2.4,16,0,1,1,0,0,33,0,0,0,39Ã—37Ã—25,2.74,0,eris,Michael E. Brown,??/09/2005,S/2005 (2003 UB313) 1,0,0,0,0,0
dia,Dia,Dia,FALSE,12555000,0,0,0.211,28.23,9,13,0,1,1,0,0,2,0,0,0,,287,0,jupiter,Scott S. Sheppard,27/12/2000,S/2000 J 11,0,0,0,0,0
s2004s3,S/2004 S 3,S/2004 S 3,FALSE,141000,0,0,0.02,0,2.4,16,0,1,1,0,0,2,0,0,0,,0.62,0,saturne,Carl Murray,21/06/2004,S/2004 S 3,0,0,0,0,0
s2004s4,S/2004 S 4,S/2004 S 4,FALSE,140100,0,0,0,0,2.4,16,0,1,1,0,0,2,0,0,0,,0.61,0,saturne,Carl Murray,09/09/2004,S/2004 S 4,0,0,0,0,0
s2004s6,S/2004 S 6,S/2004 S 6,FALSE,140000,0,0,0.002,0.02,2.4,16,0,1,1,0,0,2.5,0,0,0,,0.61,0,saturne,Carolyn C. Porco,28/10/2004,S/2004 S 6,0,0,0,0,0
s2010j1,S/2010 J 1,S/2010 J 1,FALSE,23314335,0,0,0.32,163.2,2.4,16,0,1,1,0,0,1,0,0,0,,723.2,0,jupiter,Jacobson,07/09/2010,S/2010 J 1,0,0,0,0,0
s2010j2,S/2010 J 2,S/2010 J 2,FALSE,20320000,0,0,0.307,150.4,2.4,16,0,1,1,0,0,0.5,0,0,0,,588.1,0,jupiter,Christian Veillet,08/09/2010,S/2010 J 2,0,0,0,0,0
ceres,(1) CÃ©rÃ¨s,1 Ceres,TRUE,413690250,382620000,445410000,0.07582,10.593,9.393,20,4.21,9,2.161,0.28,510,476.2,487,455,0.9619,,1681.63,9.07,null,Giuseppe Piazzi,01/01/1801,A899 OF - 1943 XB,3,0,77.3721,73.59769,80.30553
hebe,(6) HÃ©bÃ©,6 Hebe,FALSE,362959000,0,0,0,0,2.4,16,0,1,1,0,0,33,0,0,0,39Ã—37Ã—25,2.74,0,null,Karl Ludwig Hencke,01/07/1847,,0,0,0,0,0
lempo,(47171) Lempo,47171 Lempo,FALSE,5884000000,0,0,0,0,2.4,16,0,1,1,0,0,33,0,0,0,39Ã—37Ã—25,2.74,0,null,E. P. Rubenstein,01/10/1999,1999 TC36,0,0,0,0,0
petitprince,Petit-Prince,The Little Prince,FALSE,1190,0,0,0,0,2.4,16,0,1,1,0,0,33,0,0,0,39Ã—37Ã—25,2.74,0,eugenia,W. J. Merline,01/11/1999,S/1998 (45) 1,0,0,0,0,0
pulcova,(762) Pulcova,762 Pulcova,FALSE,472579673,0,0,0,0,2.4,16,0,1,1,0,0,33,0,0,0,39Ã—37Ã—25,2.74,0,null,G. N. Neujmin,03/09/1913,1913 SQ,0,0,0,0,0
toutatis,(4179) Toutatis,4179 Toutatis,FALSE,377326000,0,0,0,0,2.4,16,0,1,1,0,0,33,0,0,0,39Ã—37Ã—25,2.74,0,null,Christian Pollas,04/01/1989,1989 AC - 1934 CT,0,0,0,0,0
quaoar,(50000) Quaoar,50000 Quaoar,FALSE,6489054000,0,0,0,0,2.4,16,0,1,1,0,0,33,0,0,0,39Ã—37Ã—25,2.74,0,null,Chadwick Trujillo,04/06/2002,2002 LM60,0,0,0,0,0
steins,(2867) Å teins,2867 Å teins,FALSE,353495000,0,0,0,0,2.4,16,0,1,1,0,0,33,0,0,0,39Ã—37Ã—25,2.74,0,null,N. S. Tchernykh,04/11/1969,1969 VC - 1954 QL,0,0,0,0,0
eris,(136199) Ã‰ris,136199 Eris,TRUE,10180122852,5765732799,14594512904,0.44068,44.0445,1.66,22,6.59,9,2.52,0.82,1380,1163,0,0,0,,203830,25.92,null,Michael E. Brown,05/01/2005,2003 UB313,0,0,205.989,151.639,35.951
astree,(5) AstrÃ©e,5 Astraea,FALSE,384877000,0,0,0,0,2.4,16,0,1,1,0,0,33,0,0,0,39Ã—37Ã—25,2.74,0,null,Karl Ludwig Hencke,08/12/1845,1969 SE,0,0,0,0,0
pholus,(5145) Pholus,5145 Pholus,FALSE,3055227000,0,0,0,0,2.4,16,0,1,1,0,0,33,0,0,0,39Ã—37Ã—25,2.74,0,null,David Rabinowitz / Spacewatch,09/01/1992,1992 AD,0,0,0,0,0
castalia,(4769) Castalia,4769 Castalia,FALSE,159053000,0,0,0,0,2.4,16,0,1,1,0,0,33,0,0,0,39Ã—37Ã—25,2.74,0,null,Eleanor F. Helin,09/08/1989,1989 PB,0,0,0,0,0
remus,RÃ©mus,Remus,FALSE,706,0,0,0,0,2.4,16,0,1,1,0,0,33,0,0,0,39Ã—37Ã—25,2.74,0,sylvia,Franck Marchis,09/08/2005,S/2004 (87) 1,0,0,0,0,0
hector,(624) Hector,624 Hektor,FALSE,781183000,0,0,0,0,2.4,16,0,1,1,0,0,33,0,0,0,39Ã—37Ã—25,2.74,0,null,August Kopff,10/02/1907,1907 XM - 1948 VD,0,0,0,0,0
kleopatra,(216) KlÃ©opatra,216 Kleopatra,FALSE,417796000,0,0,0,0,2.4,16,0,1,1,0,0,33,0,0,0,39Ã—37Ã—25,2.74,0,null,Johann Palisa,10/04/1880,A905 OA - A910 RA,0,0,0,0,0
cruithne,(3753) Cruithne,3753 Cruithne,FALSE,149260000,0,0,0,0,2.4,16,0,1,1,0,0,33,0,0,0,39Ã—37Ã—25,2.74,0,null,J. Duncan Waldron,10/10/1986,1983 UH - 1986 TO,0,0,0,0,0
junon,(3) Junon,3 Junon,FALSE,399480000,0,0,0,0,2.4,16,0,1,1,0,0,33,0,0,0,39Ã—37Ã—25,2.74,0,null,Karl L. Harding,12/01/1804,,0,0,0,0,0
hygie,(10) Hygie,10 Hygiea,FALSE,469345000,0,0,0,0,2.4,16,0,1,1,0,0,33,0,0,0,39Ã—37Ã—25,2.74,0,null,Annibale de Gasparis,12/04/1849,,0,0,0,0,0
lutetia,(21) Lutetia,21 Lutetia,FALSE,364277000,0,0,0,0,2.4,16,0,1,1,0,0,33,0,0,0,39Ã—37Ã—25,2.74,0,null,H. M. S. Goldschmidt,12/11/1852,,0,0,0,0,0
mathilde,(253) Mathilde,253 Mathilde,FALSE,395900000,0,0,0,0,2.4,16,0,1,1,0,0,33,0,0,0,39Ã—37Ã—25,2.74,0,null,Johann Palisa,12/11/1885,1949 OL1 - A915 TN,0,0,0,0,0
uranus,Uranus,Uranus,TRUE,2870658186,2734998229,3006318143,0.0457,0.772,8.68127,25,6.833,13,1.27,8.87,21380,25362,25559,24973,0.02293,,30685.4,-17.24,null,William Herschel,13/03/1781,,97.77,0,142.2386,98.862,73.967
iris,(7) Iris,7 Iris,FALSE,357019000,0,0,0,0,2.4,16,0,1,1,0,0,33,0,0,0,39Ã—37Ã—25,2.74,0,null,John Russell Hind,13/08/1847,,0,0,0,0,0
eros,(433) Ã‰ros,433 Eros,FALSE,218155000,0,0,0,0,2.4,16,0,1,1,0,0,33,0,0,0,39Ã—37Ã—25,2.74,0,null,Gustav Witt,13/08/1898,1898 DQ - 1956 PC,0,0,0,0,0
vanth,Vanth,Vanth,FALSE,8980,0,0,0,0,2.4,16,0,1,1,0,0,33,0,0,0,39Ã—37Ã—25,2.74,0,orcus,Michael E. Brown,13/11/2005,S/2005 (90482) 1,0,0,0,0,0
sedna,(90377) Sedna,90377 Sedna,FALSE,75659770000,0,0,0,0,2.4,16,0,1,1,0,0,33,0,0,0,39Ã—37Ã—25,2.74,0,null,Chadwick Trujillo,14/11/2003,2003 VB12,0,0,0,0,0
chariklo,(10199) Chariklo,10199 Chariklo,FALSE,2380000000,0,0,0,0,2.4,16,0,1,1,0,0,33,0,0,0,39Ã—37Ã—25,2.74,0,null,Spacewatch,15/02/1997,1997 CU26,0,0,0,0,0
sylvia,(87) Sylvia,87 Sylvia,FALSE,522135000,0,0,0,0,2.4,16,0,1,1,0,0,33,0,0,0,39Ã—37Ã—25,2.74,0,null,Norman Robert Pogson,16/05/1866,A909 GA,0,0,0,0,0
dactyl,Dactyl,(243) Ida I Dactyl,FALSE,108,0,0,0,0,2.4,16,0,1,1,0,0,33,0,0,0,39Ã—37Ã—25,2.74,0,ida,Ann Harch,17/02/1994,,0,0,0,0,0
orcus,(90482) Orcus,90482 Orcus,FALSE,5862440000,0,0,0,0,2.4,16,0,1,1,0,0,33,0,0,0,39Ã—37Ã—25,2.74,0,null,Michael E. Brown,17/02/2004,2004 DW,0,0,0,0,0
pluton,Pluton,Pluto,TRUE,5906440628,4436756954,7376124302,0.2488,17.16,1.303,22,7.15,9,1.89,0.62,1210,1188.3,1188.3,1195,0,,90465,-153.2928,null,Clyde W. Tombaugh,18/02/1930,,122.5,0,14.53,113.175,110.088
damocles,(5335) DamoclÃ¨s,5335 Damocles,FALSE,8368303000,0,0,0,0,2.4,16,0,1,1,0,0,33,0,0,0,39Ã—37Ã—25,2.74,0,null,Robert H. McNaught,18/02/1991,1991 DA,0,0,0,0,0
romulus,Romulus,Romulus,FALSE,1356,0,0,0,0,2.4,16,0,1,1,0,0,33,0,0,0,39Ã—37Ã—25,2.74,0,sylvia,Michael E. Brown,18/02/2001,S/2004 (87) 2,0,0,0,0,0
alexhelios,AlexhÃ©lios,Alexhelios,FALSE,775,0,0,0,0,2.4,16,0,1,1,0,0,33,0,0,0,39Ã—37Ã—25,2.74,0,kleopatra,F. Marchis,18/09/2008,,0,0,0,0,0
cleoselene,ClÃ©osÃ©lÃ©nÃ©,Cleoselene,FALSE,380,0,0,0,0,2.4,16,0,1,1,0,0,33,0,0,0,39Ã—37Ã—25,2.74,0,kleopatra,F. Marchis,18/09/2008,,0,0,0,0,0
flore,(8) Flore,8 Flora,FALSE,329313000,0,0,0,0,2.4,16,0,1,1,0,0,33,0,0,0,39Ã—37Ã—25,2.74,0,null,John Russell Hind,18/10/1847,,0,0,0,0,0
chiron,(2060) Chiron,2060 Chiron,FALSE,2042652000,0,0,0,0,2.4,16,0,1,1,0,0,33,0,0,0,39Ã—37Ã—25,2.74,0,null,Charles T. Kowal,18/10/1977,1977 UB,0,0,0,0,0
eureka,(5261) EurÃªka,5261 Eureka,FALSE,227908000,0,0,0,0,2.4,16,0,1,1,0,0,33,0,0,0,39Ã—37Ã—25,2.74,0,null,David H. Levy,20/06/1990,1990 MB,0,0,0,0,0
achille,(588) Achille,588 Achilles,FALSE,776669000,0,0,0,0,2.4,16,0,1,1,0,0,33,0,0,0,39Ã—37Ã—25,2.74,0,null,Max Wolf,22/02/1906,1906 TG,0,0,0,0,0
weywot,Weywot,Weywot,FALSE,10000,0,0,0,0,2.4,16,0,1,1,0,0,33,0,0,0,39Ã—37Ã—25,2.74,0,quaoar,Michael E. Brown,22/02/2007,S/2006 (50000) 1,0,0,0,0,0
ixion,(28978) Ixion,28978 Ixion,FALSE,5910896000,0,0,0,0,2.4,16,0,1,1,0,0,33,0,0,0,39Ã—37Ã—25,2.74,0,null,Deep Ecliptic Survey,22/05/2001,2001 KX76,0,0,0,0,0
neptune,Neptune,Neptune,TRUE,4498396441,4459753056,4537039826,0.0113,1.769,1.02413,26,6.254,13,1.638,11.15,23560,24622,24764,24341,0.01708,,60189,16.11,null,Urbain Le Verrier,23/09/1846,,28.3,0,256.228,256.932,131.823
sl9,Shoemaker-Levy 9,Shoemaker-Levy 9,FALSE,0,0,0,0,0,2.4,16,0,1,1,0,0,33,0,0,0,39Ã—37Ã—25,2.74,0,null,Carolyn,24/03/1993,,0,0,0,0,0
9metis,(9) MÃ©tis,9 Metis,FALSE,357052000,0,0,0,0,2.4,16,0,1,1,0,0,33,0,0,0,39Ã—37Ã—25,2.74,0,null,Andrew Graham,25/04/1848,1974 QU 2,0,0,0,0,0
haumea,(136108) HaumÃ©a,136108 Haumea,TRUE,6432011461,5157623774,7706399149,0.19126,28.19,4.006,21,2.4,9,2.6,0.401,809,33,0,498,0.6102,1960 Ã— 1518 Ã— 996,103774,3.92,null,Michael E. Brown,28/12/2004,2003 EL61,0,0,218.205,239.041,122.167
nessus,(7066) Nessus,7066 Nessus,FALSE,3689000000,0,0,0,0,2.4,16,0,1,1,0,0,33,0,0,0,39Ã—37Ã—25,2.74,0,null,Spacewatch,26/04/1993,1993 HA2,0,0,0,0,0
itokawa,(25143) Itokawa,25143 Itokawa,FALSE,198049628,0,0,0,0,2.4,16,0,1,1,0,0,33,0,0,0,39Ã—37Ã—25,2.74,0,null,LINEAR,26/09/1998,1998 SF36,0,0,0,0,0
hylonome,(10370) Hylonome,10370 Hylonome,FALSE,3779000000,0,0,0,0,2.4,16,0,1,1,0,0,33,0,0,0,39Ã—37Ã—25,2.74,0,null,David C. Jewitt,27/02/1995,1995 DW2,0,0,0,0,0
eugenia,(45) EugÃ©nie,45 Eugenia,FALSE,406934000,0,0,0,0,2.4,16,0,1,1,0,0,33,0,0,0,39Ã—37Ã—25,2.74,0,null,Hermann Goldschmidt,27/06/1857,1941 BN,0,0,0,0,0
2006SQ372,(308933) 2006 SQ372,(308933) 2006 SQ372,FALSE,151692240180,0,0,0,0,2.4,16,0,1,1,0,0,33,0,0,0,39Ã—37Ã—25,2.74,0,null,Andrew Becker,27/09/2006,2006 SQ372,0,0,0,0,0
pallas,(2) Pallas,2 Pallas,FALSE,414717000,0,0,0,0,2.4,16,0,1,1,0,0,33,0,0,0,39Ã—37Ã—25,2.74,0,null,Heinrich Olbers,28/03/1802,,0,0,0,0,0
asbolus,(8405) Asbolus,8405 Asbolus,FALSE,2694000000,0,0,0,0,2.4,16,0,1,1,0,0,33,0,0,0,39Ã—37Ã—25,2.74,0,null,James V. Scotti,28/03/1995,1995 GO,0,0,0,0,0
varuna,(20000) Varuna,20000 Varuna,FALSE,6451398000,0,0,0,0,2.4,16,0,1,1,0,0,33,0,0,0,39Ã—37Ã—25,2.74,0,null,Robert S. McMillan Spacewatch,28/11/2000,2000 WR106,0,0,0,0,0
vesta,(4) Vesta,4 Vesta,FALSE,353343000,0,0,0,0,2.4,16,0,1,1,0,0,33,0,0,0,39Ã—37Ã—25,2.74,0,null,H. W. Olbers,29/03/1807,,0,0,0,0,0
ida,(243) Ida,243 Ida,FALSE,428000000,0,0,0,0,2.4,16,0,1,1,0,0,33,0,0,0,39Ã—37Ã—25,2.74,0,null,Johann Palisa,29/09/1884,,0,0,0,0,0
hyakutake,Hyakutake,Comet Hyakutake,FALSE,0,0,0,0,0,2.4,16,0,1,1,0,0,33,0,0,0,39Ã—37Ã—25,2.74,0,null,Yuji Hyakutake,30/01/1996,,0,0,0,0,0
gaspra,(951) Gaspra,951 Gaspra,FALSE,330513000,0,0,0,0,2.4,16,0,1,1,0,0,33,0,0,0,39Ã—37Ã—25,2.74,0,null,Grigori Neujmin,30/07/1916,1916 S45 - 1916 Î£45,0,0,0,0,0
albion,(15760) Albion,15760 Albion,FALSE,6547379000,0,0,0,0,2.4,16,0,1,1,0,0,33,0,0,0,39Ã—37Ã—25,2.74,0,null,David C. Jewitt,30/08/1992,1992 QB1,0,0,0,0,0
makemake,(136472) MakÃ©makÃ©,136472 Makemake,TRUE,6783345606,5671928586,7894762625,0.15586,29.00685,4.4,21,1.7,9,1.4,0.5,800,725,745,715,0.05,,112897,0,null,Michael E. Brown,31/03/2005,2005 FY9,0,0,165.514,294.834,79.62
halley,ComÃ¨te de Halley,Halley's Comet,FALSE,2677801885,0,0,0,0,2.4,16,0,1,1,0,0,33,0,0,0,39Ã—37Ã—25,2.74,0,null,,,,0,0,0,0,0
jupiter,Jupiter,Jupiter,TRUE,778340821,740379835,816620000,0.0489,1.304,1.89819,27,1.43128,15,1.3262,24.79,60200,69911,71492,66854,0.06487,,4332.589,9.925,null,,,,3.12,0,20.02,273.442,100.398
mars,Mars,Mars,TRUE,227943824,206700000,249200000,0.0935,1.85,6.41712,23,1.6318,11,3.9341,3.71,5030,3389.5,3396.19,3376.2,0.00589,,686.98,24.6229,null,,,,25.19,0,19.412,286.231,49.667
mercure,Mercure,Mercury,TRUE,57909227,46001200,69816900,0.2056,7,3.30114,23,6.083,10,5.4291,3.7,4250,2439.4,2440.53,2439.7,0,,87.969,1407.6,null,,,,0.0352,0,174.796,29.022,48.378
saturne,Saturne,Saturn,TRUE,1426666422,1349823615,1503509229,0.0565,2.485,5.68336,26,8.2713,14,0.6871,10.44,36090,58232,60268,54364,0.09796,,10759.22,10.656,null,,,,26.73,0,317.02,336.178,113.759
soleil,Le Soleil,Sun,FALSE,0,0,0,0,0,1.989,30,0,1,1,0,0,695508,696342,0,0.00009,,2.74,0,null,,,,7.25,0,0,0,0
terre,La Terre,Earth,TRUE,149598262,147095000,152100000,0.0167,0,5.97237,24,1.08321,12,5.5136,9.8,11190,6371.0084,6378.1366,6356.8,0.00335,,365.256,23.9345,null,,,,23.4393,0,358.617,85.901,18.272
venus,VÃ©nus,Venus,TRUE,108208475,107477000,108939000,0.0067,3.39,4.86747,24,9.2843,11,5.243,8.87,10360,6051.8,6051.8,6051.8,0,,224.701,-5832.5,null,,,,177.36,0,50.115,54.78,76.785
kerberos,Kerberos,Kerberos,FALSE,59000,0,0,0,0,2.4,16,0,1,1,0,0,33,0,0,0,39Ã—37Ã—25,2.74,0,pluton,T&eacute;lescope spatial Hubble - Pluto Companion Search Team,20/07/2011,S/2011 (134340) 1,0,0,0,0,0
s2011j1,S/2011 J 1,S/2011 J 1,FALSE,20155290,0,0,0.296,162.8,2.4,16,0,1,1,0,0,0.5,0,0,0,,580.7,0,jupiter,Scott S. Sheppard,29/01/2012,S/2011 J 1,0,0,0,0,0
s2011j2,S/2011 J 2,S/2011 J 2,FALSE,23329710,0,0,0.332,148.8,2.4,16,0,1,1,0,0,0.5,0,0,0,,726.8,0,jupiter,Scott S. Sheppard,29/01/2012,S/2011 J 2,0,0,0,0,0
styx,Styx,Styx,FALSE,45000,0,0,0,0,2.4,16,0,1,1,0,0,33,0,0,0,39Ã—37Ã—25,2.74,0,pluton,T&eacute;lescope spatial Hubble - Pluto Companion Search Team - Mark Showalter,11/07/2012,S/2012 (134340) 1,0,0,0,0,0
hippocampe,Hippocampe,Hippocamp,FALSE,105200,0,0,0,0,3,16,0,1,1,0,0,17,0,0,0,,0.95,0,neptune,Mark Showalter,01/07/2013,S/2004 N 1,0,0,0,0,0
mk2,S/2015 (136472) 1,S/2015 (136472) 1,FALSE,21100,0,0,0,0,2.4,16,0,1,1,0,0,33,0,0,0,39Ã—37Ã—25,2.74,0,makemake,Alex H. Parker,26/04/2016,S/2015 (136472) 1,0,0,0,0,0
s2017j1,S/2017 J 1,S/2017 J 1,FALSE,23587000,0,0,0.397,149.2,2.4,16,0,1,1,0,0,2,0,0,0,,734.2,0,jupiter,Scott Sheppard,06/06/2017,S/2017 J 1,0,0,0,0,0
s2016j1,S/2016 J 1,S/2016 J 1,FALSE,20651000,0,0,0.141,139.8,2.4,16,0,1,1,0,0,0.5,0,0,0,,602.7,0,jupiter,Scott Sheppard,06/06/2017,S/2016 J 1,0,0,0,0,0
valetudo,ValÃ©tudo,Valetudo,FALSE,18980000,0,0,0.222,34,2.4,16,0,1,1,0,0,0.5,0,0,0,,533,0,jupiter,Scott Sheppard,17/07/2018,S/2016 J 2,0,0,0,0,0
s2017j2,S/2017 J 2,S/2017 J 2,FALSE,23303000,0,0,0.236,166.4,2.4,16,0,1,1,0,0,1,0,0,0,,723,0,jupiter,Scott Sheppard,17/07/2018,S/2017 J 2,0,0,0,0,0
s2017j3,S/2017 J 3,S/2017 J 3,FALSE,20694000,0,0,0.148,147.9,2.4,16,0,1,1,0,0,1,0,0,0,,606,0,jupiter,Scott Sheppard,17/07/2018,S/2017 J 3,0,0,0,0,0
pandia,Pandia,Pandia,FALSE,11525000,0,0,0.18,28.2,2.4,16,0,1,1,0,0,1.5,0,0,0,,252,0,jupiter,Scott Sheppard,17/07/2018,S/2017 J 4,0,0,0,0,0
s2017j5,S/2017 J 5,S/2017 J 5,FALSE,23232000,0,0,0.284,164.3,2.4,16,0,1,1,0,0,1,0,0,0,,719,0,jupiter,Scott Sheppard,17/07/2018,S/2017 J 5,0,0,0,0,0
s2017j6,S/2017 J 6,S/2017 J 6,FALSE,22455000,0,0,0.557,155.2,2.4,16,0,1,1,0,0,1,0,0,0,,683,0,jupiter,Scott Sheppard,17/07/2018,S/2017 J 6,0,0,0,0,0
s2017j7,S/2017 J 7,S/2017 J 7,FALSE,20627000,0,0,0.215,143.4,2.4,16,0,1,1,0,0,1,0,0,0,,603,0,jupiter,Scott Sheppard,17/07/2018,S/2017 J 7,0,0,0,0,0
s2017j8,S/2017 J 8,S/2017 J 8,FALSE,23233000,0,0,0.312,164.7,2.4,16,0,1,1,0,0,0.5,0,0,0,,720,0,jupiter,Scott Sheppard,17/07/2018,S/2017 J 8,0,0,0,0,0
s2017j9,S/2017 J 9,S/2017 J 9,FALSE,21487000,0,0,0.229,152.7,2.4,16,0,1,1,0,0,1.5,0,0,0,,639,0,jupiter,Scott Sheppard,17/07/2018,S/2017 J 9,0,0,0,0,0
ersa,Ersa,Ersa,FALSE,11483000,0,0,0.094,30.6,2.4,16,0,1,1,0,0,1.5,0,0,0,,252,0,jupiter,Scott Sheppard,17/07/2018,S/2018 J 1,0,0,0,0,0
arrokoth,(486958) Arrokoth,Arrokoth,FALSE,6633400000,0,0,0,0,2.4,16,0,1,1,0,0,33,0,0,0,39Ã—37Ã—25,2.74,0,null,TÃ©lescope spatial Hubble,26/06/2014,2014 MU 69,0,0,0,0,0
benou,(101955) BÃ©nou,101955 Bennu,FALSE,168400000,0,0,0,0,2.4,16,0,1,1,0,0,33,0,0,0,39Ã—37Ã—25,2.74,0,null,LINEAR,11/09/1999,1999 RQ36,0,0,0,0,0
s2004s22,S/2004 S 22,S/2004 S 22,FALSE,20379900,0,0,0.257,177.4,0,1,0,1,0,0,0,1.5,0,0,0,,0,0,saturne,S. Sheppard,2004,S/2004 S 22,0,0,0,0,0
s2004s21,S/2004 S 21,S/2004 S 21,FALSE,23810400,0,0,0.312,154.6,0,1,0,1,0,0,0,1.5,0,0,0,,0,0,saturne,S. Sheppard,2004,S/2004 S 21,0,0,0,0,0
s2004s20,S/2004 S 20,S/2004 S 20,FALSE,19211000,0,0,0.204,163.1,0,1,0,1,0,0,0,2,0,0,0,,0,0,saturne,S. Sheppard,2004,S/2004 S 20,0,0,0,0,0
s2004s23,S/2004 S 23,S/2004 S 23,FALSE,21427000,0,0,0.399,177.7,0,1,0,1,0,0,0,2,0,0,0,,0,0,saturne,S. Sheppard,2004,S/2004 S 23,0,0,0,0,0
s2004s24,S/2004 S 24,S/2004 S 24,FALSE,23231300,0,0,0.049,36.78,0,1,0,1,0,0,0,1.5,0,0,0,,1317.6,0,saturne,S. Sheppard,2004,S/2004 S 24,0,0,0,0,0
s2004s25,S/2004 S 25,S/2004 S 25,FALSE,20544500,0,0,0.457,173.3,0,1,0,1,0,0,0,1.5,0,0,0,,0,0,saturne,S. Sheppard,2004,S/2004 S 25,0,0,0,0,0
s2004s26,S/2004 S 26,S/2004 S 26,FALSE,26737800,0,0,0.148,171.3,0,1,0,1,0,0,0,2,0,0,0,,0,0,saturne,S. Sheppard,2004,S/2004 S 26,0,0,0,0,0
s2004s27,S/2004 S 27,S/2004 S 27,FALSE,19776700,0,0,0.12,167.1,0,1,0,1,0,0,0,2,0,0,0,,0,0,saturne,S. Sheppard,2004,S/2004 S 27,0,0,0,0,0
s2004s28,S/2004 S 28,S/2004 S 28,FALSE,21791300,0,0,0.133,171,0,1,0,1,0,0,0,2,0,0,0,,0,0,saturne,S. Sheppard,2004,S/2004 S 28,0,0,0,0,0
s2004s29,S/2004 S 29,S/2004 S 29,FALSE,17470700,0,0,0.472,44.43,0,1,0,1,0,0,0,2,0,0,0,,858.77,0,saturne,S. Sheppard,2004,S/2004 S 29,0,0,0,0,0
s2004s30,S/2004 S 30,S/2004 S 30,FALSE,20424000,0,0,0.113,156.3,0,1,0,1,0,0,0,1.5,0,0,0,,0,0,saturne,S. Sheppard,2004,S/2004 S 30,0,0,0,0,0
s2004s31,S/2004 S 31,S/2004 S 31,FALSE,17402800,0,0,0.242,48.11,0,1,0,1,0,0,0,2,0,0,0,,853.8,0,saturne,S. Sheppard,2004,S/2004 S 31,0,0,0,0,0
s2004s32,S/2004 S 32,S/2004 S 32,FALSE,21564200,0,0,0.262,158.5,0,1,0,1,0,0,0,2,0,0,0,,0,0,saturne,S. Sheppard,2004,S/2004 S 32,0,0,0,0,0
s2004s33,S/2004 S 33,S/2004 S 33,FALSE,23764800,0,0,0.417,161.5,0,1,0,1,0,0,0,2,0,0,0,,0,0,saturne,S. Sheppard,2004,S/2004 S 33,0,0,0,0,0
s2004s34,S/2004 S 34,S/2004 S 34,FALSE,24358900,0,0,0.267,165.7,0,1,0,1,0,0,0,1.5,0,0,0,,0,0,saturne,S. Sheppard,2004,S/2004 S 34,0,0,0,0,0
s2004s35,S/2004 S 35,S/2004 S 35,FALSE,21953200,0,0,0.182,176.4,0,1,0,1,0,0,0,2,0,0,0,,0,0,saturne,S. Sheppard,2004,S/2004 S 35,0,0,0,0,0
s2004s36,S/2004 S 36,S/2004 S 36,FALSE,23698700,0,0,0.667,147.6,0,1,0,1,0,0,0,1.5,0,0,0,,0,0,saturne,S. Sheppard,2004,S/2004 S 36,0,0,0,0,0
s2004s37,S/2004 S 37,S/2004 S 37,FALSE,16003300,0,0,0.506,164,0,1,0,1,0,0,0,2,0,0,0,,0,0,saturne,S. Sheppard,2004,S/2004 S 37,0,0,0,0,0
s2004s38,S/2004 S 38,S/2004 S 38,FALSE,23006200,0,0,0.381,155,0,1,0,1,0,0,0,2,0,0,0,,0,0,saturne,S. Sheppard,2004,S/2004 S 38,0,0,0,0,0
s2004s39,S/2004 S 39,S/2004 S 39,FALSE,22790400,0,0,0.081,167.6,0,1,0,1,0,0,0,1,0,0,0,,0,0,saturne,S. Sheppard,2004,S/2004 S 39,0,0,0,0,0
c2020f3-neowise,C/2020 F3 (NEOWISE),C/2020 F3 (NEOWISE),FALSE,40690620830,0,0,0.99921,128.93,0,1,0,1,0,0,0,0,0,0,0,,6800,0,null,Wide-Field Infrared Survey Explorer,27/03/2020,C/2020 F3,0,0,0,0,0